prompt,generated_text,num_tokens,generation_time,total_empirical_entropy,prc_watermark_detected,log_diversity,perplexity,undetectable_watermark_detected,substring_complete_watermark_detected,Prompt #,Prompt Preview,Tokens,Gen Time (s),Perplexity,Log Diversity,Avg Shannon (bits),Avg Empirical (bits)
"The woman who died after falling from a bridge over the A21 has been identified as a Sevenoaks mum.
Marta Kendle, 37",", lost her battle with injuries on the M2A5 Bridge at Longbridge on July 24 after the car she was in fell off a height of around eight metres.
She was a mother of two, as well as a nurse, and lived in the village of Selsdon with her children, William, 12, and Ava, 5.
She was travelling to work when the accident happened and she died at Kent and Medway NHS Trust hospital in Swanscombe on Thursday, a spokesman said.
Fellow nurse and friend, who wished to remain anonymous, said: ""It's a tragic thing that has happened. She was such a lovely, kind, generous soul who would go out of her way to help people.
",150,31.92,248.2561263795942,False,0.9130001905932972,9.310968399047852,False,False,1,The woman who died after falling from a bridg...,150,31.92,9.31,0.913,0.0,0.0
"messaging system designed as a plugin-based system.
Doubtless the kopete people would disagree with me here, but I'd say"," they're on pretty solid ground.
It all comes down to a combination of good marketing and good development:
Good marketing, because, really, there's just one kind of ""software"" that's ever sold — software that provides benefits, which means it needs to be marketed as benefits, not features.
Great development.
Posted in Software
Tagged with marketing, OpenMRS
Posted on 24 October, 2011 by Peter
I've been invited to join the steering committee for this new blog by the person in charge of OpenMRS — Jim Kim, the MD.
We'll probably meet online and then, if we're all still on board, we'll eventually meet at the ODI to discuss things.
It sounds",150,34.06,352.5335595905781,False,0.9150471366520682,12.766020774841309,False,False,2,messaging system designed as a plugin-based s...,150,34.06,12.77,0.915,0.0,0.0
"CHARLES H. MEISNER, one of the prosperous and highly-esteemed business men of Birnamwood, Shawano county, was born"," here, on the twenty-ninth day of January, 1833. He lived here until he was five years old, when he was moved to Oshkosh, and was educated there until the age of fifteen. He was then removed to Milwaukee, and was educated there for two years, at a school in the village of Menomonee Falls, and two years at a private school in Waukesha. In October 1847, he was sent to New York City, to study bookkeeping in the office of a respected member of the mercantile firm of H. E. and W. A. Leffingwell. He remained in New York for about a year and a half, while finishing his course, and then",150,34.06,220.82305132225156,False,0.8866443067059456,5.682168483734131,False,False,3,"CHARLES H. MEISNER, one of the prosperous and...",150,34.06,5.68,0.8866,0.0,0.0
"EVER WONDER WHY SOME PEOPLE CAN WORK NIGHTS AND SLEEP EASILY DURING THE DAY?
A new study from"," the University of Massachusetts Medical School (UMMS), published in the journal Current Biology, reveals that a molecule known as the protein arginine vasopressin (AVP), also known as the ""bedtime"" hormone, can suppress sleep and promote wakefulness. Scientists previously believed that it was the opposite: that AVP was primarily a wake-promoting hormone.
""We discovered that AVP acts on neurons in the brain to suppress sleep,"" said lead author Paul Kelley, PhD, senior lecturer at UMMS. ""AVP and its receptor are concentrated in a brain region that is responsible for sleep, and when it was activated, sleep was suppressed.""
The researchers found that in the brain, AVP and its receptors are primarily",150,34.13,214.5503303091973,False,0.9045957702197481,5.246639251708984,False,False,4,EVER WONDER WHY SOME PEOPLE CAN WORK NIGHTS A...,150,34.13,5.25,0.9046,0.0,0.0
"Conduct effective product control and valuation control of treasury products and derivatives in banking book.
Duties include daily P&L reporting and analysis, balance"," sheet analysis, and treasury operations management. In addition, they review and approve treasury transactions and are responsible for maintaining treasury and bank relationship.
Treasury managers are also responsible for ensuring that proper cash flow management procedures are in place. They work with customers to ensure that funds are available when needed.
Treasury managers need a bachelor's degree and must meet regulatory and compliance standards.
Financial advisors help individuals and corporations manage their money, including investments, insurance, mortgages and other financial products. Their advice is intended to increase the financial well-being of their clients.
Financial advisors must be able to understand and explain financial products to clients. They also must have excellent communication skills so that they can effectively explain how to use financial products to meet their clients",150,34.07,239.42365574091673,False,0.9024381763280207,6.279017448425293,False,False,5,Conduct effective product control and valuati...,150,34.07,6.28,0.9024,0.0,0.0
Stayed here about four years ago and they helped me out this weekend. Thankfully Citadines had a double apartment room for our stay. Usual," staff at Citadines, very helpful and clean. Thanks again Citadines.
My daughter and I stayed a week at Citadines recently. The staff and accommodation was great – we'd recommend it very highly to other families going on holiday in Dubai!
This is the best accommodation I have stayed at for over a decade and I will recommend it to anyone I meet.",78,19.2,154.6127240471542,False,0.9051569421004246,11.9181489944458,False,False,6,Stayed here about four years ago and they hel...,78,19.2,11.92,0.9052,0.0,0.0
"It’s the end of the world,” said the caterpillar.
“It’s the beginning of the world,","” said the butterfly.
The caterpillar was right. The world as we know it will be altered. A lot of people will experience hardships that have never been experienced before. But, we also have a chance to rebuild the world that we want to see.
If the world is to be a better place, we need to build our world differently. To do this, we need to create a world that supports our individual wellbeing and the wellbeing of all people. Here are 5 ways to do this.
First, we need to focus on education. Education is the foundation for understanding the world around us. Without a good education, we will never truly understand how to work together to create a better world.
Second, we need to",150,34.09,216.5818135906011,False,0.8770243485591871,6.076173782348633,False,False,7,"It’s the end of the world,” said the caterpil...",150,34.09,6.08,0.877,0.0,0.0
"Fasnet 2015: Spindrift & Prince de Bretagne, ""Neck to neck""
Spindrift reports that After 48 hours of"," riding the race was neck and neck, with both riders struggling to cover the mountainous course.
Spindrift and Prince de Bretagne are riding a close gap, however in a last-ditch move in the penultimate climb, Spindrift dropped his chum but then had to give way to another rider in a move that left him in danger of colliding with other competitors.
Spindrift finished fifth and Prince de Bretagne, who dropped out just before the finish line, finished sixth.
RIDE ON! (2016): Mere Morte & Vrijman de Nood, ""A little bit of luck""
Mere Morte was the only Dutch rider at the 2015 Paris–Nice race and it was",150,34.09,324.2990853562951,False,0.9210649440558948,16.730981826782227,False,False,8,"Fasnet 2015: Spindrift & Prince de Bretagne, ...",150,34.09,16.73,0.9211,0.0,0.0
"As the nation’s largest no-reserve internet auction firm specializing in construction and agricultural equipment, Purple Wave is focused on transforming the way in"," which rural infrastructure is financed, developed, owned and serviced.
Purple Wave is dedicated to serving contractors in rural areas who are unable to access conventional lending products and markets. As an experienced leader in no-reserve equipment auctions, we leverage technology to help contractors access new opportunities that match their specific needs, allowing them to obtain the equipment they require to complete their projects.
Purple Wave provides contractors with direct access to auction sites where equipment is available, allowing them to find what they need in one place. This service gives contractors the advantage of avoiding overpriced, over-market equipment and making sure that their projects are completed on time and within budget.
Purple Wave’s commitment to excellence and the satisfaction of its customers is",150,34.15,267.8778288215399,False,0.908842217466139,11.634934425354004,False,False,9,As the nation’s largest no-reserve internet a...,150,34.15,11.63,0.9088,0.0,0.0
"Stretch Therapy (ST) is a comprehensive system that includes stretching, fascia remodelling, strengthening, neural re-patterning, and relaxation. We"," are all born with an efficient and balanced fascial system. Yet due to lifestyle and environmental factors, this system can become unbalanced and less efficient.
Stretching is not just about extending and lengthening tight muscles. It is a whole process that is designed to reestablish an ideal balance, mobility, elasticity, and function for the muscles. In addition to relieving tight muscles, stretching can also help with range of motion, posture, gait, sports performance and the pain associated with them.
Fascia is the soft connective tissue that surrounds and supports every muscle in our body. The myofascial system is the body’s support framework and is involved in every physical activity we undertake. It is often",150,34.01,257.4126650262624,False,0.9210649440558948,7.348753929138184,False,False,10,Stretch Therapy (ST) is a comprehensive syste...,150,34.01,7.35,0.9211,0.0,0.0
"The sport of Bocce Ball is alive and well in Holliston.
""Throwing balls toward a target is the oldest game known to mankind",","" said Peter H. Schar, executive director of the Bocce Federation of America. The Bocce Federation is the national governing body for Bocce. The sport was brought to America by Italian immigrants in the late 19th century. A similar game was brought to the United States by the British in the 17th century. The earliest known games of Bocce were played in the United States as early as the early 1800s. The first Bocce Ball Club in North America was founded in Montreal in 1867.
The National Bocce Championship is played in Florida and has been held there each year since 1964. This year's tournament is scheduled to be held June 29 through July 1 at the University of West Florida.",150,34.08,213.95556354522705,False,0.8889785495866781,5.205657005310059,False,False,11,The sport of Bocce Ball is alive and well in ...,150,34.08,5.21,0.889,0.0,0.0
"A month ago, India had commissioned world’s first 100 percent solar-powered airport in Cochin. Recently, India’s greenest"," city, Thiruvananthapuram, achieved its goal of cutting dependency on power from thermal power plants by 45 percent in the last seven years.
However, a major question remained unanswered: Why were solar panels and windmills not installed in most Indian homes? As of now, only one or two percent of our country’s population resides in households that are powered by solar energy, which can be attributed to a lack of access to solar panels. This brings us to our first template.

Person A: Did you hear about the solar-powered airport in Cochin?
Person B: Yes, I did. It's amazing how they managed to power the entire airport using solar energy.
Person C: I think",150,34.07,206.22020085714757,False,0.9307081478483836,5.913492202758789,False,False,12,"A month ago, India had commissioned world’s f...",150,34.07,5.91,0.9307,0.0,0.0
"Stately palm trees reach to the blue sky.
The city of Split, and majestic mountains, far off in the distance.
Looking up from"," the city to the sky.
Cultures throughout the Mediterranean.
The water in the city is so clear.
With its green valleys and the sparkling water of the Adriatic Sea.
The beautiful Mediterranean coastline.
Dotted with the green mountains of Dalmatia.
A great mountain near the town of Trogir.
Stands tall above the city of Split.
The town of Trogir.
The small town of Paljatica on a hilltop.
The great mountain of the Plitvice Lakes National Park.
The famous town of Trogir.
The mountain on the outskirts of Split.
A great mountain in Dalmatia.
A beautiful mountain overlooking Split.
Mount Ris",150,33.96,276.28195096738636,False,0.8450238854115095,8.803393363952637,False,False,13,"Stately palm trees reach to the blue sky.
The...",150,33.96,8.8,0.845,0.0,0.0
"Showcasing Mosaic hops and a delicate blend of malts, this Extra Special Bitter was brewed with the very finest ingredients available. Naughty",", naughty!

To brew this delicious beer, you will need 500g of barley, 300g of light-colored malt extract, and 300ml of fresh hops. Let's get started!

Brewing the beer:
1. Heat up water to a temperature of 80C (176F). This will be used to create a solution that will help your ingredients mix together.
2. In a big pot, mix the barley with the heated water and let it sit for 45 minutes.
3. Now, add the malted barley extract and let it simmer for an hour.
4. After an hour, add in the hops and let it boil for 20-40 minutes.
5. Once the boiling is done",150,34.51,180.53420085832477,False,0.8980517252237721,4.449958324432373,False,False,14,Showcasing Mosaic hops and a delicate blend o...,150,34.51,4.45,0.8981,0.0,0.0
"Refind is featured in Swedish business weekly ""Veckans Affärer""
The future is finally here. That's what an article in Ve","ckans Affärer (in English: ""The Financial Times of Sweden"") proclaims on the cover and also, in a new section, titled:
""The Future is in Your Head"". The new section will present technology news that matters from a societal perspective.
Forskning is also featured in Swedish business weekly ""Industra""
Articles about the future of work with research-based solutions to the challenges of digitalisation are being published in Industra. In one article, researcher Ingrid Högbo and professor Lars Henrik Wennberg introduce the term ""Refind"" and use the example of Swedish media company, Norstedts, which has made great use of the term in their internal strategy development process.",150,34.78,333.3334391117096,False,0.9399068032074303,21.621362686157227,False,False,15,Refind is featured in Swedish business weekly...,150,34.78,21.62,0.9399,0.0,0.0
DOLPHIN FASHION CORP. is an entity registered at NEW YORK county with company number 2297344. DOLPHIN F,ASHION CORP. is recognized as a charitable organization under the tax code.,17,6.89,18.91119085624814,False,0.9767226489021297,24.16643524169922,False,False,16,DOLPHIN FASHION CORP. is an entity registered...,17,6.89,24.17,0.9767,0.0,0.0
"Congratulations, this is no B.S. free zone!
Visual artists are visual thinkers! So we made anatomy books for artists. They don't"," need science to draw or sculpt. They don't need anatomy. They just need to know how a body works, how bones and muscles work.
The Art Anatomy app helps you do just that, with more than 12,000 photographs from hundreds of human models and figures, complete with labeled bone, muscle, joint, and nerve structures.
When you've finished this app, you'll find that your models can move better. When they can't move, you'll see what's wrong. And when you're ready for the real thing, you'll have the body mechanics, so the training will come easy.
With the right body mechanics, you'll never be afraid to try again.
If your artwork is moving or non-moving",150,34.28,318.62164365081117,False,0.9109320322805665,11.632393836975098,False,False,17,"Congratulations, this is no B.S. free zone!
V...",150,34.28,11.63,0.9109,0.0,0.0
"The stock market is the place where stocks and bonds are traded. Stocks are units of ownership in a company, and so they can sell their stock"," for a profit, or lose money if the company does poorly. Bonds are loans that you can give to a company, and you are promised a certain rate of return (which can be in the form of interest payments) over a certain period of time.

Finally, there are options. An option is a financial contract that gives the owner the right, but not the obligation, to buy or sell an asset (like a stock) at a certain price, within a certain time period. Options can be very useful when you want to make a quick profit, but they can also be very risky if you don't understand them well.

Now, let's talk about how all of this is related to the sentence ""What could it be",150,34.04,125.08679891936481,False,0.9002570017082938,3.1140894889831543,False,False,18,The stock market is the place where stocks an...,150,34.04,3.11,0.9003,0.0,0.0
"You can rely on Sure Betbuilder S to present the very best service when it comes to Builder in Mc Leansville, NC. You'll need"," to get in touch with them if you're looking for the very best builder or remodeler in Mc Leansville, NC, and you'll be able to rely on them for a complete solution. You'll never ever need to depend on a building company that's not well known for their high quality work.
The best solution to find a professional contractor for house remodeling, renovation, or building is to look at the previous jobs they have executed. If they are not able to present you with photos or videos of prior jobs, then they are probably not ready to make that call. You'll have to take into consideration what is essential to you and what type of house remodeling or building you are attempting to do.
When hiring a",150,34.05,256.98044454678893,False,0.8958218082686725,8.43135929107666,False,False,19,You can rely on Sure Betbuilder S to present ...,150,34.05,8.43,0.8958,0.0,0.0
The more times your children go under general anesthesia but it's not. This will be the 3rd time one of my children gets to experience this., He had to have a procedure in May of 2009 and he has a 1/2 hour gap between the first two and the third one.,29,9.31,69.17667680978775,False,0.9659898769835575,22.164173126220703,False,False,20,The more times your children go under general...,29,9.31,22.16,0.966,0.0,0.0
"Alameda is a locals town, which is why we opened a local, non-corporate coffee joint, run by people who love an amazing cup"," of coffee.” – Ben Lamm, The Bigger View, Inc.
5. “When you run a successful business that focuses on a small audience, you have the opportunity to create an emotional connection with your customers. For me, a great cup of coffee is a powerful way to build a relationship with my customers. They know that every cup is unique, each one is created with care and they are treated like family.” – Aaron S. Cohen, The Daily Grind
6. “It is a lot more enjoyable to work at a place where you enjoy what you do. That doesn't mean you have to like every minute of your job. But it does mean you should have a passion for what you're",150,34.05,266.219030671753,False,0.908842217466139,7.096480846405029,False,False,21,"Alameda is a locals town, which is why we ope...",150,34.05,7.1,0.9088,0.0,0.0
"Drinking is sometimes very fascinating especially as you hang out with friends; it is a fun and provides the feeling of well being. However, the odor"," that is given off by the person drinking can be unbearable at times. Therefore, when it comes to drinking at the pub, the odor of the person needs to be dealt with. Luckily, there are quite a few options to do just that. To discover some of the options, you will be required to read through this article.

Use A T-Shirt
You can opt to make use of a T-shirt to prevent bad breath. The T-shirt will help to prevent bad breath from affecting people all around you. What is important to note is that the shirt will need to be soft and loose enough to allow the breath to travel down from your mouth to the shirt.

Use Mouthwash
Before you decide on using",150,34.14,267.0493470970541,False,0.8912858063959489,7.948856353759766,False,False,22,Drinking is sometimes very fascinating especi...,150,34.14,7.95,0.8913,0.0,0.0
"Today we are delighted to introduce you to FarmGirlRosePetals, a three-generation family farm based in Oregon, growing gorgeous flowers and freeze drying"," them to preserve their delicate beauty.
We’re thrilled to bring you on board as our latest partner in the Women Entrepreneurs Project. As part of WEP, we’re connecting women entrepreneurs like FarmGirlRosePetals with tools, resources, and the networks that help businesses flourish.
But we also hope FarmGirlRosePetals’ story gives you a chance to dive deeper into the story of small business ownership — and of business ownership by women.
Read on as we learn more about the remarkable FarmGirlRosePetals and what small business ownership means to them.
Founded in 2015 by Rose Petals, FarmGirlRosePetals brings a sense of beauty to the often-dull world of grocery.",150,33.99,250.82657275535166,False,0.8912858063959489,9.710320472717285,False,False,23,Today we are delighted to introduce you to Fa...,150,33.99,9.71,0.8913,0.0,0.0
Cascara (Cascara sagrada) by Eagle Peak Herbals: This North American shrub is a well known laxative and colon," cleanser. It stimulates contraction of the intestines, which assists in the elimination of waste material. Cascara also helps to improve the motility of the colon so that bowel movements are more frequent and easier to expel.
Dandelion (Taraxacum officinale) Root by Nature’s Answer: Dandelion root is rich in B-complex vitamins, minerals such as zinc and selenium, flavonoids, and polysaccharides. Many of these nutrients help to promote and maintain healthy liver function. This, in turn, encourages the production of bile, which assists in digestion. The flavonoids and polysaccharides in dandelion root stimulate the liver to produce more bile,",150,34.12,176.85159710701555,False,0.9190791018883574,4.416321754455566,False,False,24,Cascara (Cascara sagrada) by Eagle Peak Herba...,150,34.12,4.42,0.9191,0.0,0.0
"Thymoquinone protects DRG neurons from axotomy-induced cell death.
OBJECTIVE: Peripheral nerve injury (PNI",") affects a large percentage of the general population; for example, a high percentage of patients with spinal cord injuries (SCI) will develop PNI. As the leading cause of PNI after SCI, distal-to-proximal transection (DTR) of the thoracic and lumbar spinal nerves and brachial plexus injuries are a growing source of concern for clinical neurologists, rehabilitation specialists, and other healthcare providers. This study evaluated the effects of thymoquinone (TQ), an isolated flavonoid, on injury-induced cell death of DRG neurons. METHODS: DRG neurons from adult male rats (n=15) were subcutaneously injected into the",150,34.07,205.27993666380644,False,0.9416967299245729,7.297515392303467,False,False,25,Thymoquinone protects DRG neurons from axotom...,150,34.07,7.3,0.9417,0.0,0.0
"– Handouts will be uploaded to the website 10 minutes before the webinar.
– Please stay muted (turn off your microphone) during the web","inar so that the presenter can hear the recording.
– This webinar will be recorded and will be posted for future reference. If you are uncomfortable with recording, you can email your login details to dna@dsfcc.com to access a private version of the webinar.
Webinar #4: Working with Children Who Experience Adversity
Webinar #5: Trauma-Informed Education: An Introduction to the Core Concepts
Webinar #6: Trauma and Student Learning: The Effect of Trauma on Development, Emotional Regulation, Behavior, and Academic Performance
Webinar #7: Understanding and Addressing Trauma for Black, Indigenous, and People of Color Students
Webinar",150,33.98,230.84925016015768,False,0.8980517252237721,6.275219917297363,False,False,26,– Handouts will be uploaded to the website 10...,150,33.98,6.28,0.8981,0.0,0.0
"The page provides the exchange rate of 26402000000 Emirati Dirham (AED) to Japanese Yen (JPY), sale and conversion rate"," of local products and services in the Emirati Dirham, the Emirati currency in UAE, the top 20 companies in the United Arab Emirates (UAE), the Emirati economic crisis, the Emirati companies and industries, Emirati economy, and a map of the UAE.
The Emirati Dirham is pegged to the US dollar.
The Emirati Dirham was introduced on 1 January 1972. The peg was changed to a fixed exchange rate of AED 2.80/US$1.00 in February 2003, and then to a flexible band of AED 2.84–2.86/US$1.00 in May 2003. On 12 November 2005, the United Arab Emirates (UAE) Monetary Authority (U",150,34.02,229.96499072387815,False,0.8643082336064223,7.349398136138916,False,False,27,The page provides the exchange rate of 264020...,150,34.02,7.35,0.8643,0.0,0.0
"CELEBRATIONS reminds us to celebrate the seasons of our lives. Remember the summer fresh-garden herbs and vegetables, the familiar tastes of autumn"," pheasant or venison, the rich flavours and warmth of winter ciders and stews, and the fresh and light feeling of spring salads and fruits. Eat seasonally, from the bounty of nature, and your heart will be filled with joy and gratitude.

THE BREAD OF LIFE

_**The simple act of making bread is often as soothing and centring as eating it.**_

'The bread of life' can refer to a metaphorical bread (e.g. the 'bread of friendship'), but in this chapter we're talking about the simple act of making bread—a nourishing activity which can help you to slow down, and find stillness and peace. Bread making is a time-hon",150,34.32,263.5373563170433,False,0.9210649440558948,8.101187705993652,False,False,28,CELEBRATIONS reminds us to celebrate the seas...,150,34.32,8.1,0.9211,0.0,0.0
Consider replacing the flapper and inspect the inside of the tank to see if there is any build-up preventing a proper seal. Also inspect the lift," chain to ensure there are no kinks that could be obstructing the water from flowing to the tank.
- Check the water level. The water level should be in the overflow pipe, just before it opens. If the water level is too high in the overflow pipe, water will overflow the trap when you flush. Lowering the water level will reduce the amount of pressure and will prevent the overflow of the toilet tank.
- If there is no water in the overflow pipe, there is a clog in the trap, and this water needs to be released to open the trap.
Flush a small amount of water into the overflow tube. If water comes out of the toilet bowl, the problem is resolved.
If water continues to",150,34.21,223.34209945611656,False,0.8450238854115095,5.457963943481445,False,False,29,Consider replacing the flapper and inspect th...,150,34.21,5.46,0.845,0.0,0.0
LEWISTON — The Calvary United Medthodist Church will hold its monthly bean supper at 4:45 p.m. Saturday,", Sept. 8, in the congregation hall.
The cost for dinner is $5 per person; children ages 2-12 eat free.
""We're going to have a wonderful night eating good food and singing songs,"" said church music director Jeff Durbin. ""People who can afford to give more, can give more.""
Prayer will begin at 4:40 p.m., followed by dinner.
For information, call 636-9181.
(c) 2010, Johnston County Register and Mail. Provided by ProQuest LLC. All rights Reserved.",120,27.68,203.85110788978636,False,0.9506544011299475,8.887511253356934,False,False,30,LEWISTON — The Calvary United Medthodist Chur...,120,27.68,8.89,0.9507,0.0,0.0
"telecommunications and Entertainment Company in the universe!
As a AT&T Portables Retail Sales Consultant, you’ll get to know communication"," and technology and find the right products to help our customers reach their goals, whether they have a large business that needs a fleet of telephones or an individual that needs their first telephone.
We’re looking for someone who is outgoing, team oriented, detail oriented and will be able to sell our high quality products.
We have the training to show you how to sell telephones, routers, telecommunication devices, modems, and more!
What type of work would I be doing?
AT&T has a training program to help people in the retail industry build their skills. AT&T Portables have a variety of sales and service representatives available to help our customers in the telecommunication industry find the right equipment for their home",150,34.05,274.6172521803528,False,0.9002570017082938,10.55905818939209,False,False,31,telecommunications and Entertainment Company ...,150,34.05,10.56,0.9003,0.0,0.0
"Get the latest information on the building project.
Want to see a specialist without traveling out of town?
Health topics just for women.
Johnson", & Johnson is committed to helping you with your healthcare questions and concerns.,15,6.5,14.114037320017815,False,1.0,14.422639846801758,False,False,32,Get the latest information on the building pr...,15,6.5,14.42,1.0,0.0,0.0
"Who am I? What's this all About?
You could say I grew up traveling, when I was young I lived in Lagos, Nigeria",", which gave me an opportunity to meet and learn from different cultures. When I grew older and started traveling to different countries, I always came back to where I grew up and realized that what I liked about Lagos was the people and that I could not find in other places.
It was during those times of travel that I started to notice the lack of self-expression and the lack of creativity in my communities. I found that people were not able to express their own beliefs, they were not able to express themselves because they do not have a space to do it.
I wanted to provide that to young people. I wanted to create a space for young people to express themselves in their communities. We started in Lagos but we are now",150,34.38,259.9874003510922,False,0.8818922847973121,7.995067119598389,False,False,33,"Who am I? What's this all About?
You could sa...",150,34.38,8.0,0.8819,0.0,0.0
A PROCEDURE assessed by NICE (National Institute for Health and Care Excellence) and used in research led by the University of Birmingham has been hailed," as a new and exciting approach to supporting people living with cancer.
This is the first time that NICE has endorsed the use of a digital service for mental health conditions as part of the cancer pathway.
The service, known as the Virtual Health Programme (VHP), is developed by the Institute of Cancer Research (ICR) and Cancer Research UK's Stand Up To Cancer Catalyst Programme. The programme was established through an £86 million investment from Stand Up To Cancer to tackle the hardest-to-treat cancers.
Patients who are referred by their GP or cancer specialist to a specialist cancer psychological assessment are linked with a nurse-led support service based at the ICR.
The VHP is an online digital toolkit that brings",150,33.89,250.59885969012976,False,0.9190791018883574,6.482306480407715,False,False,34,A PROCEDURE assessed by NICE (National Instit...,150,33.89,6.48,0.9191,0.0,0.0
"Vayam Technologies Ltd. has successfully executed Uttar Pradesh Common Services Centre project under National eGovernance Plan across Uttar Pradesh. In 2010, Govt",". of UP initiated an open-source E-Governance program and deployed the Vayam Open-source eGovernance System (OSS). The state government of Uttar Pradesh, along with the State Bank of India, deployed Vayam Open-source eGovernance System in April 2010 for digital enrollment of individuals in the banking system. Vayam also implemented a project on e-Governance for Uttar Pradesh's Department of Electricity.  Vayam developed the software in association with other organizations including the National eGovernance Division, Govt. of India.

Vayam Technologies Ltd. developed a project on e-Governance for the Uttar Pradesh State Pollution Control Board (UPSPCB). The implementation of this project",150,34.43,252.23906690999866,False,0.8669171007061203,9.517313003540039,False,False,35,Vayam Technologies Ltd. has successfully exec...,150,34.43,9.52,0.8669,0.0,0.0
Free Download Mp3 & Mp4 2 lines sad urdu poetry|2 line shayari|Asim malangi|||2," line rumi madrasi||2 line shayari hindi
https://www.free-love-poems-in-mahari-language.org/wp-content/uploads/2020/12/love-poems-mahri-language.jpg 800 1200 Free Love Poems https://www.free-love-poems-in-mahari-language.org/wp-content/uploads/2018/03/FLPML-Logo.jpg Free Love Poems2020-12-11 12:34:352020-12-13 09:58:07How to Love Someone from a Different Religion? Top 2 Poems by Mahari Poets
Top 10 Free",150,33.88,180.22862504050136,False,0.8518636325047283,6.1491618156433105,False,False,36,Free Download Mp3 & Mp4 2 lines sad urdu poet...,150,33.88,6.15,0.8519,0.0,0.0
"Born 1952; Education: Elmira College, B.A.; attended School of Visual Arts, and New School for Social Research.
Offıce",": Co-founder, director and chief film maker of Cinéma Vérité, Inc., NYC since 1975. Award-winning journalist, documentary filmmaker, author, educator and public speaker. Currently lives in New York City.
Media Resources and links
Video & Audio on the Internet: www.videoartspace.org/tvart/cve/index.html
Books by Cinéma Vérité: http://www.cinemaverick.org
The CineMaverick: http://www.cinemaverick.org/
Videos of interviews with Cinéma Vérité founders: http://www.moviemaker.com/index/",150,34.23,236.43726343940943,False,0.8768942351478599,7.09083366394043,False,False,37,"Born 1952; Education: Elmira College, B.A.; a...",150,34.23,7.09,0.8769,0.0,0.0
Cluster comprises IBM's Opteron-based eServer 325 server and systems management software and storage devices that can run Linux and Windows operating systems.," The hardware can run up to 4,800 blades in a single rack; each blade contains a cluster control node (CCN) that runs IBM i or Linux and is connected to up to 40 cluster processors, which contain eight cores each.
The cluster software, known as Cluster Application Server 3.0 or CAS 3.0, provides all the tools and libraries necessary to deploy an IBM i enterprise cluster, IBM said.
The software features a built-in database designed to work well with the IBM mainframe, and it is capable of handling complex data mining and clustering applications that require parallel processing. It also allows users to manage, secure and monitor the clustered applications.
E-mail encryption is included in the system to make sure",150,34.04,319.868544626981,False,0.9222961707957948,11.185709953308105,False,False,38,Cluster comprises IBM's Opteron-based eServer...,150,34.04,11.19,0.9223,0.0,0.0
Follow the pace of one of the most popular extreme sports in the world. Featuring fast animation and 3D elements provide the flesh and blood of the video,". This is the best way to learn how to master the sport.

<url_end>


Rewrite:

Learn How to Master Extreme Sports with These Top Tips!

Mastering extreme sports can be an exhilarating and challenging experience. It requires not only physical strength and agility, but also careful planning and risk management. In this article, we will provide you with some top tips to help you become the ultimate master of extreme sports!

== Steps ==
# First things first, determine your level of skill and experience in each type of extreme sport. This will help you understand which sport is suitable for you. It is important to always push yourself to improve, but also know your limits and gradually increase the",150,34.5,160.99947691708803,False,0.9150471366520682,3.39325213432312,False,False,39,Follow the pace of one of the most popular ex...,150,34.5,3.39,0.915,0.0,0.0
"After we left Zihuatenajo, needed fuel and water so we took a left turn in to Acapulco Bay. The Yacht Club"," was in the foreground. We were in the Bay for over a month. I made several trips to the top of Pico de Orizaba, a 2,200-meter (7,000-foot) peak. I did the hike on my own and climbed more than 3,000 meters (9,842 feet) in two days. There were no roads up to this point.

From the south coast up through the mountains of Morelos, we had three more days of sailing and several more days of snorkeling. By this time, most of the locals in Baja had heard about my trips and they greeted me with a smile. I learned that they had a ""dry spell,"" and that this is a",150,34.12,301.522582270205,False,0.908842217466139,10.087629318237305,False,False,40,"After we left Zihuatenajo, needed fuel and wa...",150,34.12,10.09,0.9088,0.0,0.0
"Kalanchoe is an eye-catching succulent, displaying large heads of bright orange flowers during the winter. Ideal for basket or pot, the Kal","anchoe will flower again during the summer.
This plant is perfect for any beginner’s collection of plants because it is very easy to grow. It needs little maintenance and can survive almost anywhere. Kalanchoe is very easy to propagate – cut a leaf stem and plant it in the ground or in water.
4. Aloe Vera
Aloe Vera, which is also known as Aloe Barbadensis Miller, is a succulent and is one of the most popular houseplants in the world. It is easy to grow and does not require much maintenance.
Aloe Vera is native to Africa, but it is now grown worldwide.
It is a hardy plant and can survive in a wide range of conditions.",150,34.43,183.90628226846457,False,0.8912858063959489,4.335289001464844,False,False,41,"Kalanchoe is an eye-catching succulent, displ...",150,34.43,4.34,0.8913,0.0,0.0
"I was searching for Tahoe City Properties and have a question. Thank you.
I'd like to request a showing for 1380 SEQUO","IA DR SE, the listing #08551239.",13,6.08,42.00672662258148,False,1.0,771.3074340820312,False,False,42,I was searching for Tahoe City Properties and...,13,6.08,771.31,1.0,0.0,0.0
"How Important is the Right Architect?
Architects shape our communities and our world, giving each country, region and neighborhood its own unique identity."," The American Institute of Architects reports that an average of 2.3 million U.S. construction projects are underway annually, requiring an average of 7.1 million architects to plan, design, construct, manage and oversee them.
While the field is diverse and competitive, an architect should share several characteristics with a new business owner, including vision, an appetite for change, curiosity and dedication to excellence.
What are the Best and Worst States to be an Architect?
The United States Bureau of Labor Statistics (BLS) projects a slow growth rate of 9% in employment for architects over the next decade, with 6,600 new jobs added per year. However, some parts of the U.S. can offer a higher-than-average",150,34.04,250.26526562403888,False,0.9170733011737566,6.627135276794434,False,False,43,"How Important is the Right Architect?
Archite...",150,34.04,6.63,0.9171,0.0,0.0
"Belying expectations, Prasar Bharti has earned only Rs 58.19 crore (Rs 581.9 million) as revenue during the Commonwealth"," Games period—only 0.4% of its total annual revenue. The government also spent Rs 913.15 crore (Rs 9.12 billion) in this period.
The Indian media has reported that the government has spent more than Rs 10,000 crore (Rs 99 billion) to promote India at the Commonwealth Games. But the government has not revealed how much it spent for international media relations in general or for the Commonwealth Games specifically. It is difficult to calculate the cost of promoting India abroad in general terms since it includes expenditure for international marketing of various types, ranging from television ads, exhibitions, radio and print ads to conferences and events. The amount spent on promotions in a given year may vary depending on a number of factors, such as",150,34.12,273.7497487971559,False,0.9130001905932972,9.294486045837402,False,False,44,"Belying expectations, Prasar Bharti has earne...",150,34.12,9.29,0.913,0.0,0.0
"Marketers are employed in the public sector as well as the private sector.
Most people think of marketing as a strictly private sector activity, but the"," truth is that marketing is just as important to the public sector as it is to the private sector.
Public sector marketing is the marketing of products and services by the government agencies that help the government make the right decisions about its policies. Public sector marketing involves advertising, promotion, and distribution strategies that enable the government agencies to understand what people want and to get it to them.
In general, public sector marketing is more focused on government agencies than private sector marketing is on private firms, and so it is more like the commercial world. However, it is also quite similar to the public service world in many respects, as both are concerned with selling products and services at the right price and in the right quantity.
The public sector is the largest employer",150,34.21,227.28882460854948,False,0.8589859050957876,5.864017963409424,False,False,45,Marketers are employed in the public sector a...,150,34.21,5.86,0.859,0.0,0.0
"hey. I can not start any programs because of the error ""Access denied"" (see photo). What can I do?
To fix this it"," says that you need to add access to the program which is not the case because it works when you run it from the command prompt.
Also, the name of the program in the command prompt is not the same as the name you named it in your code (cant find any errors in the code, but something seems strange). Can you take a look at your code and try to figure out what's wrong with it?
Edit: My code is posted below and if it's unclear then feel free to ask
import java.util.Scanner;

public class Solution {

public static void main (String[] args){
    Scanner scn = new Scanner (System.in);
    String first,",150,33.89,228.19559802953154,False,0.9109320322805665,5.777555465698242,False,False,46,hey. I can not start any programs because of ...,150,33.89,5.78,0.9109,0.0,0.0
Los Shapis – Volverás Mi NiñoSubscribe now!! http://www.dailymotion.com/GuapachandoThe Youtube channel entirely dedicated," to the show.

2014 telenovelas
2014 Mexican television series debuts
2015 Mexican television series endings
Mexico TV Producciones telenovelas
Televisa telenovelas
Mexican telenovelas
Spanish-language telenovelas
",60,15.6,29.997153878211975,False,0.8421718382053309,2.4612135887145996,False,False,47,Los Shapis – Volverás Mi NiñoSubscribe now!! ...,60,15.6,2.46,0.8422,0.0,0.0
"Too much? That's good because we were almost out of card puns for this one. Regardless of the terrible puns, we stand by what"," we think.
Here's the thing about the economy: if it has one, and people are actually spending more money, the stock market goes up. And why is that? Because people feel financially secure to buy, and businesses earn more money from these sales than they have ever made before.
That's a great reason to be happy! It means we are making good progress as a country. Now we're just trying to keep it going.
But there is a real danger in thinking that good economic times mean we shouldn't worry about the future. Because they don't.
Here's the thing: we may be in one of the best economic times in our nation's history right now, but the fact is that the world is changing",150,33.99,284.68999990448356,False,0.908842217466139,7.499984264373779,False,False,48,Too much? That's good because we were almost ...,150,33.99,7.5,0.9088,0.0,0.0
"Friends, I have some pretty exciting news. I’ve been nominated me for a Liebster blogging award. This is an award that�","s given out every year to bloggers that have really worked hard, been creative, and have a great following. I�ll be notified of my chances, and the voting will start in a few days, so be on the lookout. For now, I�ll just say that I�m very, very grateful.
Hi Liz! What a wonderful surprise to learn that you have been nominated for a Liebster Award! Best wishes to you for your candidacy, and I would love to follow along and find out which bloggers are on the ballot for you.
Hi Liz,
Thanks for sharing the news! You deserve this.
Great blog as always!
Thanks, Mark!
Hey Liz
I just stumbled upon your blog and",150,34.76,255.54906463064253,True,0.8912858063959489,9.580677032470703,False,False,49,"Friends, I have some pretty exciting news. I’...",150,34.76,9.58,0.8913,0.0,0.0
"Installed correctly including ASPI file. Will not work at all. It says BadCdD Repair can't access data! No kidding, neither"," can I!  It's just an empty folder at this point.'''
  
  if len(sys.argv) < 4:
    print 'Usage: ' + sys.argv[0] + ' <DODID you install this> <CDD path> [--reload] <ASPI name>'
    print 'For help, use --help.'
    print 'Note: The DODID you installed should be an absolute path to a CDD file,'
    print 'and the name you want to assign to the ASPI should be an absolute path to an '
    print 'ASCII file with all capital letters.'
    sys.exit(0)

  as",150,34.13,216.78679231740534,False,0.8866443067059456,6.8973002433776855,False,False,50,Installed correctly including ASPI file. Will...,150,34.13,6.9,0.8866,0.0,0.0
"Take a listen to this podcast about how ancient Cambodian dance continues to embolden youths in Lowell, Massachusetts. Anita Walker, Executive Director of Mass Cultural"," Council, spoke with Jessica O'Neill, a reporter with WGBH's All Things Considered.
While there are no hard statistics about the percentage of low-income youths who participate in Cambodian dance in Lowell, a recent survey of the dance teachers at two Cambodian American dance studios found that about half of their students are at or below the poverty level.
It's also unclear whether dance is having any impact on school attendance or whether other factors are influencing the youths to take part in Cambodian cultural activities. However, Anita said it's easy to see a direct correlation between the participation and the increase in self-confidence and self-esteem.
Anita Walker: There's nothing more important than self-esteem, self-effic",150,33.95,266.2735208813101,False,0.9210649440558948,10.6981840133667,False,False,51,Take a listen to this podcast about how ancie...,150,33.95,10.7,0.9211,0.0,0.0
The Fox6 is a multirotor drone surveyor with 6 carbon blades. Its solid structure and in-flight stability allows its use on a wide," variety of platforms, including fixed-wing, helicopters, and planes, making it an asset in many sectors. Its high lift-to-drag ratio and light-weight design give the Fox6 the potential for use in difficult environments and during missions with high risk. The flight time is usually about 25 minutes, however this depends on the payload weight and the air density.
The most important difference between the Fox6 and the DJI Mavic Pro, is that the former doesn't have a built-in camera. Instead, it features a custom-made, integrated HD camera with 4K resolution and full HD video. The camera also offers wide angle shots, panorama shots, and the ability to record videos on the go. In",150,34.14,270.1137952352874,False,0.9249783143647416,9.58756160736084,False,False,52,The Fox6 is a multirotor drone surveyor with ...,150,34.14,9.59,0.925,0.0,0.0
Our 2007 Volvo XC90 Angled Ski Holder ships directly from an authorized Volvo dealer. Since 2000 we have offered secure online ordering and fast affordable shipping,. Our service ensures quality and peace of mind.,11,5.71,22.906424939632416,False,0.9542425094393249,29.601173400878906,False,False,53,Our 2007 Volvo XC90 Angled Ski Holder ships d...,11,5.71,29.6,0.9542,0.0,0.0
"Stress, anxiety, inner emptiness, lack of focus, need to emotionally self-regulate yourself.
By using this unique method which teaches you"," to calm and centre the heart and nervous system it has been proven to be an effective way of getting your body back into balance and healing on many different levels.
Mind, body and spirit. It's a holistic approach, and we invite you to explore what it's all about, here.
Somatic psychotherapy uses a combination of body movement, breathing and conscious relaxation to reach deep within the body and nervous system and release the tension and emotions that cause pain and illness.
It's often called 'mind-body therapy' and is used alongside the talking therapy, because the two work together to heal the whole person.",127,29.26,254.06996213272214,False,0.921027223382286,8.755643844604492,False,False,54,"Stress, anxiety, inner emptiness, lack of foc...",127,29.26,8.76,0.921,0.0,0.0
TNEA Rank list 2013: Tamil Nadu Engineering Admission (TNEA 2013) was conducted by Anna University Chennai for the admission to Anna University affiliated," engineering colleges for 2013 session. The number of seats for all categories were filled in a single day and no cut off percentage was given. TNEA Rank list is for all the categories combined.

References

Engineering colleges in Chennai
Educational institutions established in 1964
1964 establishments in Madras State
",65,16.6,87.4156254157424,False,0.9308270834535262,10.587539672851562,False,False,55,TNEA Rank list 2013: Tamil Nadu Engineering A...,65,16.6,10.59,0.9308,0.0,0.0
"Shri Lal Mahal is one of the best manufacturer, exporter and supplier of empire basmati rice in Delhi, India. We provide world","-class services to our customers. At our company, the best quality products, innovative solutions, and unparalleled customer service are our top priorities.
Honey and rice: a match made in heaven. This is due to the sweetness of honey and the salty flavor of rice. You have to prepare the ingredients with utmost care to ensure that the combination of the two is tasteful and yummy. It is a delicious and healthy combination of the two. You can experiment by trying out different flavors of honey along with different grains and enjoy the best of both worlds.
What is the best kind of rice for me?
This is a tricky question because there is no one-size-fits-all answer. However, there are some general guidelines that",150,34.13,255.0780389625579,False,0.9002570017082938,7.768063545227051,False,False,56,Shri Lal Mahal is one of the best manufacture...,150,34.13,7.77,0.9003,0.0,0.0
Ankylosing spondylitis is an inflammatory disease that over time can cause vertebral fusion in the spine. This fusion makes the spine less," flexible and reduces the mobility of the back. Ankylosing spondylitis can also be associated with inflammation in the hip joints, but hip pain is much more common in the front of the hip joint.
Although both conditions have similar symptoms and are treated similarly, spondylitis is not the same as ankylosing spondylitis.
The symptoms of spondylitis can be similar to rheumatoid arthritis. However, people with spondylitis often have other symptoms in their skin, eyes and organs.
Skin lesions can include rashes and eye inflammation. If spondylitis is left untreated, the immune system may damage other organs.
This can lead to a number of additional complications,",150,34.03,207.63766831252724,False,0.8770243485591871,5.020310401916504,False,False,57,Ankylosing spondylitis is an inflammatory dis...,150,34.03,5.02,0.877,0.0,0.0
"Anonymous. 2019. Vanellus duvaucelii (Lesson, 1826) – River Lapwing. Birds of India Consortium (eds","). IUCN Red List of Threatened Species 2019: e.T2444A35142319. Retrieved 26 October 2019.
- ^ Anonymous. 2019. Eupodotis aequinoctialis (Scopoli, 1786) – Plain Bush-hen. Birds of India Consortium (eds). IUCN Red List of Threatened Species 2019: e.T2444A35142319. Retrieved 26 October 2019.
- ^ Anonymous. 2019. Otidimachus schisticeps (Boddaert, 1783) – Lesser Spotted Pitcher-bird. Birds of India Consortium (eds). IUCN Red List of Threatened Species 2019: e.T2444",150,33.97,109.16674125939608,False,0.8589859050957876,4.618126392364502,False,False,58,"Anonymous. 2019. Vanellus duvaucelii (Lesson,...",150,33.97,4.62,0.859,0.0,0.0
"Are you looking for specific features in a Palm Beach Gardens, Rainwood Florida home?
Customize your Palm Beach Gardens, Rainwood Townhouse MLS"," Search.
Palm Beach Gardens, Townhouse for Sale
The Palm Beach Gardens Townhouse Market is an incredibly active one. For Palm Beach Gardens, Townhouse Buyers, this presents an incredible buying opportunity.
Broward County Townhouse Prices:
Average Palm Beach Gardens Townhouse Prices:
Palm Beach Gardens Townhouse Price Range
The Palm Beach Gardens Townhouse market is currently at an all time high. This is due in part to the growing population of Palm Beach Gardens, and the continued increase in Townhouse demand.
With this comes increasing Palm Beach Gardens, Townhouse Supply, making Palm Beach Gardens Townhouse Prices increase.
Palm Beach Gardens Townhouse Prices by Type
When buying a Palm Beach Gardens Townhouse,",150,34.15,217.36422132328153,False,0.8300111341689237,5.855594635009766,False,False,59,Are you looking for specific features in a Pa...,150,34.15,5.86,0.83,0.0,0.0
"Select a year for genuine Kia Sportage accessories.
We've been providing genuine Kia accessories and parts online at low prices since 2000. Our", products are high quality and we have satisfied customers from all over the world.,16,6.72,21.54623281210661,False,1.0,7.852590560913086,False,False,60,Select a year for genuine Kia Sportage access...,16,6.72,7.85,1.0,0.0,0.0
Η GMC παρουσιάζει την Nightfall έκδ,"οση, ισχύσει την Δελτία του για αυτό του παγκόσμιου κατά το δικόποιο μου στην επιλεξόσπαση της καταγωγής φύσους μας να μορφωμήσουμε στο",150,34.35,157.77287297137082,False,0.7459472499799078,3.310359001159668,False,False,61,Η GMC παρουσιάζει την Nightfall έκδ...,150,34.35,3.31,0.7459,0.0,0.0
"Quality First,and Client Supreme is our guideline to deliver the very best assistance to our shoppers.These days, we have been trying our greatest to be"," better at offering a variety of services to our consumers.For quality first things come first and to provide you with quality service is our primary goal.For the clients we are happy with our service.The only aim of us is to serve the clients at the finest.We are pleased with what we have achieved and if we can help you with any kind of questions, please feel free to give us a call.We guarantee you will be satisfied with our service and will appreciate the support provided by our staff.
This is a very difficult question to answer as it is very difficult to determine which is the best company as it is so personal. But, our opinion is that the best company in the market is Agragri. We believe that A",150,34.16,310.11856093257666,False,0.8889785495866781,11.098270416259766,False,False,62,"Quality First,and Client Supreme is our guide...",150,34.16,11.1,0.889,0.0,0.0
"Mothercare's My First Velour Jacket is an adorable piece, super soft to touch and perfect for layering – a must have for your new baby",".
- What Is My Baby Doing Today?
- My First Velour Jacket in Colour: Pink or Green?
- My First Velour Jacket Price: £7.95
- My First Velour Jacket Reviews
- What Is My Baby Doing Today?
- My First Velour Jacket in Colour: Pink or Green?
- My First Velour Jacket Price: £7.95
- My First Velour Jacket Reviews
- FAQs
- What Is My Baby Doing Today?
My Baby is on the move
Even before your baby is born, you’re learning about their health and development. Here are some of the milestones you can expect.
It’s no surprise that babies’ health",150,34.25,163.3777767661959,False,0.8171308271121293,4.75637149810791,False,False,63,Mothercare's My First Velour Jacket is an ado...,150,34.25,4.76,0.8171,0.0,0.0
"Using pine for tank frame • Bearded Dragon. org.
Hello. I am currently building a custom tank thats being made out of plywood."," I would like to add in some pine, will it hold up for my bearded dragons? I am using 2x6 planks.
Thank you for your information, It made it alot more simple.
Do you know how the weight of the water will affect the tank? I would just like to make sure I'm not going to have to replace it often.
Thanks in advance!
Hi, I want to use pine for an aquarium tank. But, it's pretty expensive. Is it worth investing on?
Hi,
How long does it take for pine to decompose? I've heard that it is not recommended for tank frame or aquariums because after a couple of years it will release toxic fumes. So, I would",150,34.41,288.84841171838343,False,0.9045957702197481,11.116625785827637,False,False,64,Using pine for tank frame • Bearded Dragon. o...,150,34.41,11.12,0.9046,0.0,0.0
"After an even enough opening half, after which Monaghan led by three points, 1-5 to 0-5 while playing with the wind, any"," hopes of a comeback seemed dashed for Meath. But with two minutes to play, Pat Conroy and the Meath team rallied, and scored 2 points, 1-5 and 0-5. The momentum had turned against Monaghan, and even though they had a strong lead with just 1 minute left, Meath's comeback proved to be successful.

Exercise 1:
Why did Meath's manager, Seán Boylan, refer to this game as their ""biggest game of the year""?
A) He wanted to create hype and attract more viewers
B) The team had been training hard for this game
C) Meath had a strong chance of winning against Monaghan
D) They were determined to win",150,34.06,213.98943075351417,False,0.9024381763280207,6.062892913818359,False,False,65,"After an even enough opening half, after whic...",150,34.06,6.06,0.9024,0.0,0.0
"If you are on the lookout for cost savings, your first thoughts almost certainly relate to product sales, blowouts, and bargains. The best location"," and a lot more favorable rates for a retail store do make a huge impact on the bottom line, but cost savings opportunities do not stop there. When a company evaluates its supply chain as a whole, it may discover several methods to reduce costs and produce profit. Here are a few of the best methods to lower supply chain prices:
1. Shop around for suppliers.
When a company evaluates its supply chain as a whole, it may find several means to cut prices and earn revenue. The initial step in this process is to assess all aspects of the supply chain, including production, distribution, and delivery of products and services. This will help identify areas for improvement, such as lower operating costs or more efficient processes. Other methods of reducing supply chain",150,34.19,257.30302327126265,False,0.9024381763280207,6.9402031898498535,False,False,66,"If you are on the lookout for cost savings, y...",150,34.19,6.94,0.9024,0.0,0.0
"""Main feature has English subtitles. There are 4 bonus features including an alternative ending and all have English subtitles. No other subtitles in any other language."," However, there is a Spanish subtitle in the English version of the game called ""Habla inglés"" that gives a better translation.""

Reception

The Game Boy Color version received ""generally unfavorable reviews"", while the PC and PlayStation versions received ""average"" reviews, according to video game review aggregator Metacritic. Next Generation said of the former console version, ""While this game has enough depth to give it a couple of tries, it's nothing special — and what's the point when it's on a system with such limited capabilities?"" and of the latter console versions, ""The graphics aren't all that sharp, but there's enough here for fans of the game to dig right in"". Greg Orlando of Game",150,34.14,228.4186995830387,False,0.9170733011737566,5.65341329574585,False,False,67,"""Main feature has English subtitles. There ar...",150,34.14,5.65,0.9171,0.0,0.0
The enterprising and energetic Franklin Food Elves soon will be canvassing neighborhoods all around Franklin collecting goods during the “12 Days of Donating”," in partnership with the Food Bank of Franklin County.
With a team of dedicated volunteers, you can join in making a donation by dropping off a bag of groceries at your local Food Bank for the Franklin County. During the “12 Days of Donating” the Food Bank is offering a free bag of groceries to anyone who donates a bag to a Franklin Food Elf.",77,19.06,118.53692312538624,False,0.8986515659847379,12.558229446411133,False,False,68,The enterprising and energetic Franklin Food ...,77,19.06,12.56,0.8987,0.0,0.0
Editor’s note: The Consulate General of Belgium in Atlanta each month puts out a newsletter recounting its activities across the region and informing its," more than 7,000 Belgian-Americans that they are a bridge of cultural and political contacts in the world.
This month, the Consul General, Koen De Mael, shared the story of an international delegation visiting Georgia to learn more about the European Union and the impact of its recent decisions in Georgia, particularly its recognition of Abkhazia and South Ossetia as independent states. They also met Georgia’s Prime Minister, Irakli Garibashvili.
By Koen De Mael
I recently had the honor of hosting an international delegation from Belgium visiting Georgia to learn more about the European Union and the impact of its recent decisions in Georgia, particularly its recognition of Abkhazia and South Ossetia as",150,34.19,195.56933628581464,False,0.8842824390080617,6.214417457580566,False,False,69,Editor’s note: The Consulate General of Belgi...,150,34.19,6.21,0.8843,0.0,0.0
"Lease for $78 a month! Apply now.
Store, charge, secure, and transport up to 42 iPad or iPad mini devices.
","We have great deals going now in our current promotions!
Check out our new ebook, ""What to Do When You Can't Get an iPhone,"" to learn which Apple products would be best for you!
We love our community! Follow us on Facebook to join our exciting giveaways!",58,15.13,135.5006307065487,False,0.95228760326163,15.347545623779297,False,False,70,"Lease for $78 a month! Apply now.
Store, char...",58,15.13,15.35,0.9523,0.0,0.0
Camilla is a very gentle cat and she gets on well with both other cats and with dogs. She does not like small children. She's arrived," on my doorstep looking very scruffy but the lady at the pound said she is completely healthy and a good cat.

_Pippa, Exeter, UK_

If you do decide to rehome a cat, a good thing to do is to keep its litter tray and food and water bowls in the same spot in its new home and try not to move them around too much, which can stress the cat. If there are other cats in the household, the new owner should introduce the new cat gradually. Introduce the cats to each other using a door and letting them smell and hear each other's voices, then let them meet on neutral ground and gradually reduce the contact before putting them together in the same room.
",150,34.07,248.97843696177006,False,0.9045957702197481,6.951198101043701,False,False,71,Camilla is a very gentle cat and she gets on ...,150,34.07,6.95,0.9046,0.0,0.0
"Final Fantasy X introduces a new mini-game called, 'Blitzball'. Blitzball takes place in the water, you have to pass the ball"," on to a teammate as you swim from one end of the playing field to the other and try to keep the ball in the air for as long as possible. It's the only game in Final Fantasy X that can be completed in one playthrough. After this mini-game, a random event is revealed to the player. This random event includes items and items related to specific characters.

In the sequel Final Fantasy X-2, this item is referred to as ""Aqua Armor"" or ""Aqua Gear"". The player character, Yuna, is forced to wear this item to protect herself from the ""Black Rain"". The Aqua Armor is an air tight suit which is water proof and air tight. It was designed to work under water to",150,34.02,270.3912165425718,False,0.8958218082686725,10.316327095031738,False,False,72,Final Fantasy X introduces a new mini-game ca...,150,34.02,10.32,0.8958,0.0,0.0
"The terrific & neat theme for the Ghost blogging platform.
Ordentlich is the terrific and neat theme for Ghost. It's free, responsive and"," beautifully designed.
Meyer & Mey is a great example of a modern site that has a lot of great functionality in the background but also very slick and responsive design.
The cool & neat theme for Ghost was one of the first that I discovered and it's still one of my favorites. It is free to download and use on your own blog.
A great example of a responsive website that's perfect for a small business or start-up.
Ordentlich & fantastic theme for ghost.
I like this simple and elegant layout.
Great Theme for Ghost & Free to download
A wonderful and attractive theme for ghostblogging.
Cool and neat theme.
Ordentlich is a terrific theme to use in Ghost",150,33.94,305.7348783314228,False,0.8866443067059456,17.466800689697266,False,False,73,The terrific & neat theme for the Ghost blogg...,150,33.94,17.47,0.8866,0.0,0.0
"Now there are four. A fourth R Boat has joined PIRATE, ALOHA and LADY VAN, welcome ACE to her first"," R Boat journey and it is time for a 5th R Boat to join the fleet. It is clear that this year the R Boat will once again achieve great things and we can't wait to see who it is!
When R boat day started, I was wondering where we were going to be based. It is one thing to have a R boat, it's another to be the home for it. I have spent the majority of my last two years working in the community, the R boat gives me a chance to take a step back, work together on one of the greatest programmes, and develop the leadership skills. I'm very lucky to be able to work with a team that's been really supportive and collaborative. I'm also very grateful",150,34.06,318.5621506907046,False,0.8980517252237721,12.740461349487305,False,False,74,Now there are four. A fourth R Boat has joine...,150,34.06,12.74,0.8981,0.0,0.0
"To Be Built By Professional Local Builders! Post Modern Located On The Vanderbilt Little Neck Peninsula In Centerport. SD#6, Open Floor Plan Perfect"," For Family And Guests. 4 Bedroom 2 Baths Off Back Yard And Back In Property. Great Neighborhood And Lots To Be Done In New York Harbor.
For Sale or Rent - Real Estate on Centerport Houses For Sale: Lakehouse on Central Park South, One of the Most Prestigious addresses in Central Park, NY, With a stunning view of Central Park, one of the most prized and prestigious addresses in Central Park, NY. Luxury Lake House With Private Deck.
For Sale or Rent - Real Estate on Central Park East & Central Park South in New York: $6 Million Park City in Central Park in Harlem, With a stunning view of Central Park, One of the most coveted addresses in Central Park, NY. Unique Park City",150,34.08,302.6240848787129,False,0.8643082336064223,11.743643760681152,False,False,75,To Be Built By Professional Local Builders! P...,150,34.08,11.74,0.8643,0.0,0.0
"^ Source: Wilson (1999, 2). The many changes of European political borders since Mozart's time make it difficult to assign him a unambiguous"," nationality. Nevertheless, there is good evidence that Mozart spent the majority of his life in Austria.",21,7.7,26.012204933911562,False,0.9828778776927557,15.124053001403809,False,False,76,"^ Source: Wilson (1999, 2). The many changes ...",21,7.7,15.12,0.9829,0.0,0.0
"The Super Bowl can leave you broke. But you can lessen the damage.
What We Built. Why We Built It. And What’s"," Next.
The COVID-19 pandemic has created unprecedented uncertainty for entrepreneurs, business owners and employees. And despite the fact that we’ve been doing business at Velocity for over two years, our own business model and goals have evolved.
On a practical level, the pandemic changed the way we work and what it means to be an employee at Velocity. We adapted to working remotely, and we learned to meet virtually to drive alignment and innovation.
On a strategic level, the pandemic has prompted us to take a fresh look at the business landscape and to question our approach to client success and employee satisfaction. What’s next for Velocity and our customers?
We set out on this mission: to be a thought leader",150,34.15,282.63922671973705,False,0.9045957702197481,8.067524909973145,False,False,77,The Super Bowl can leave you broke. But you c...,150,34.15,8.07,0.9046,0.0,0.0
"With inflatable water slide rentals starting at just $180 and inflatable combo rentals starting at just $160, Family Time Inflatables has one of"," the best inflatable water slide rental prices in town. You can rent an inflatable slide alone or add a splash mat to the mix with a rental from our team. We have inflatable water slides available for indoor and outdoor usage. These inflatable water slides provide a fun way for guests of all ages to enjoy their pool party.

To keep your guests cool during the hot summer days, our inflatable water slide rentals offer a solution. Slides that can move at up to 6 mph help provide a cooling effect to the user as the water moves across their skin. Additionally, adding sprinklers can keep guests cool and hydrated while they slide down the water slide.

For younger children who may not be as enthusiastic about sliding down",150,34.05,257.2785308510065,False,0.9109320322805665,7.7834954261779785,False,False,78,With inflatable water slide rentals starting ...,150,34.05,7.78,0.9109,0.0,0.0
Approach your problems from the right end It isn't that they can't see the solution. It is and begin with the answers. Then one day," the picture will fall into place and a light will go off. The answer will become clear.
Don't work around problems but go head on and break them down step by step. It is amazing how many people will find their way out of a dilemma by approaching it from the wrong end. A little perseverance is all that it takes, just like when you can't figure out a puzzle.
It takes only a few minutes to try again and the new approach opens up the way.
Do not try to solve problems all by yourself Try to get as much information as possible. If you have a problem at work, talk to your colleagues and ask them for their ideas. You will be amazed at the answers you will get by approaching the",150,34.02,288.7349086776376,False,0.9130001905932972,9.617754936218262,False,False,79,Approach your problems from the right end It ...,150,34.02,9.62,0.913,0.0,0.0
I always love a good nosey into people’s bags – it kind of shows you a little bit more of their personality. This backpack is," more of a subtle display. It’s functional in the sense that you can put things in here, but also it’s also got a cool shape to it. It’s got this cool organic shape, it’s got a lot of layers to it. So it’s both functional and fashionable in that way.”
He explains that his inspiration was the backpacks people used in his native Indonesia, where he grew up.
“I thought that the shapes and aesthetics of that design was really beautiful.”
The result is a backpack made out of one of the toughest materials on earth – an eco-friendly fibres called Mycelium. The backpack is made from a single piece",150,34.06,279.0356349074282,False,0.8935666939786251,8.717795372009277,False,False,80,I always love a good nosey into people’s bags...,150,34.06,8.72,0.8936,0.0,0.0
"The world’s first collection of waters designed for different styles of wine.
Follow us on Fundedbyme and get updates when our campaign"," is done!
* * *
If you have any questions, or if you know of anyone with a particular taste in water and would like to donate, please send us an email to info@somawater.com.

##Your task: **Rewrite** the above paragraph into a high school level plan while keeping as many content as possible, using a negative tone.

Answer:
The world has been plagued with issues surrounding water scarcity and unsafe drinking water. These problems are especially prevalent in the Southern Cone of South America, particularly in Chile, where the demand for water is on the rise.

Chile, a country located in South America, has been grappling with water scarcity for many years. The",150,34.28,185.95501417294145,False,0.9210649440558948,4.329888343811035,False,False,81,The world’s first collection of waters design...,150,34.28,4.33,0.9211,0.0,0.0
"How to download and update samsung galaxy camera 2 sf2wifi ek gc200 2019?
Downloads all version android firmware for"," Samsung Galaxy Camera 2s and Galaxy Camera 2s wifi. It contains the latest update for Samsung Galaxy Camera 2s.
When was samsung galaxy camera 2 sf2wifi ek gc200 released?
Samsung Galaxy Camera 2s was launched on June 23, 2017. The Galaxy S9 and Galaxy S8 were launched a few days after Galaxy Camera 2s in June 2017.
Where can I buy samsung galaxy camera 2 sf2wifi ek gc200?
The Galaxy Camera 2s was made available on the Samsung online store from August 1, 2017 to September 30, 2017.
How do I know if my samsung galaxy camera 2 sf2wifi ek gc200 works?",150,34.21,151.5959804179147,False,0.8478955247561358,5.976755142211914,False,False,82,How to download and update samsung galaxy cam...,150,34.21,5.98,0.8479,0.0,0.0
"THE Greens are promising to double Fremantle’s tree canopy by 2040 under an “urban forest” plan.
Freo council"," president Geoff Gallop said the city must increase the canopy from 10% to 20%.
“It will provide protection from heatwaves, bushfires, stormwater runoff, and provide a whole host of other health and economic benefits for our community,” Mr Gallop said.
“The tree canopy across Western Australia has dramatically declined over the last 20 years due to urban development, lack of tree protection and tree planting.”
He said the council was “actively seeking” funding to help increase Fremantle’s urban tree canopy.
“As part of this, we have made a $500,000 investment in a program to plant a thousand new trees in Fremantle and its suburbs,” Mr",150,34.11,235.02279724180698,False,0.9024381763280207,7.065988540649414,False,False,83,THE Greens are promising to double Fremantle’...,150,34.11,7.07,0.9024,0.0,0.0
"CompactFlash cards are not very popular anymore as Secure Digital cards are typically much cheaper. That being said, pro-sumer Digital SLR cameras"," still widely accept CompactFlash cards. Many professional still cameras continue to use them, as are digital multimeters for electronic troubleshooting. CompactFlash cards for Apple Inc.'s iPod series are still sold, though some models now use Secure Digital cards. The Sony VAIO laptop is one of the few laptops sold today that still accepts CompactFlash cards.

CompactFlash cards are used as storage mediums for digital video cameras and camcorders that run on Sony's proprietary High Speed Video Recording (HSV) format (or any other digital recording format), and they are also used as media in external hard drives. Some companies make portable storage devices with a CompactFlash port, such as the Sony Vaio portable hard drive. There are also Compact",150,34.08,279.1386288618669,False,0.9190791018883574,8.77838134765625,False,False,84,CompactFlash cards are not very popular anymo...,150,34.08,8.78,0.9191,0.0,0.0
ENVASS prescribes to various environmental legal newsletters from large and accountable legal firms in South Africa. ENVASS also prescribes to the Environmental Leader,", a leading newsletter on environmental and sustainability law in Africa, as well as the environmental newsletter from South African legal publication LexisNexis South Africa.
We also subscribe to international newsletters such as the New York Law Journal, the London Gazette and the Environmental Law Reporter.
Apart from these specific newsletters, the environmental practice group also subscribes to other newsletters in the law field, which include the International Business Lawyer, the European Lawyer, the Law.com and others.
ENVASS also subscribes to other local news publications such as the Financial Mail, the Sunday Independent and the Business Report, in order to keep abreast of the latest in the economic and business development landscape in South Africa.
The importance of legal newsletters",150,33.86,239.89191726222634,False,0.8770243485591871,8.611591339111328,False,False,85,ENVASS prescribes to various environmental le...,150,33.86,8.61,0.877,0.0,0.0
"Did you know Snappy Photobooths is a proud preferred supplier for Icebergs in Bondi Beach?
What a top location for a"," Snappy Photobooth.
The Bondi Icebergs are a great place to get photos to remember your visit.
You can also get photo cards and postcards printed.
You can create these cards, mugs and other merchandise to keep to remember your trip.
You can also buy customised gifts.
Icebergs in Bondi Beach is open all year round and is a popular spot for tourists.
It also hosts many events.
Icebergs also have a website with lots of information about the site.
You can follow Iceberg Tours on Facebook and Instagram.
There is also a new website for Ice, Icebergs and Icebergs.
Icebergs were first discovered on the south coast",150,34.19,250.10328808054328,False,0.8794731583151618,7.928409576416016,False,False,86,Did you know Snappy Photobooths is a proud pr...,150,34.19,7.93,0.8795,0.0,0.0
Welcome to Boston Mamas Rock! – where we’re giving a voice to fabulous local mamas from all walks of life. Read on for, more stories and stay tuned!,7,4.9,16.548301368951797,False,1.0,148.5555419921875,False,False,87,Welcome to Boston Mamas Rock! – where we’re g...,7,4.9,148.56,1.0,0.0,0.0
"MIDDLETOWN, NJ - The Middletown Township Public Library and the Township of Middletown are pleased to announce the appointment"," of new library staff at two locations to accommodate the new services offered by the library.
Middletown Public Library and Middletown Township Announce Joint Program on Youth Homelessness in Middletown Township
The Middletown Public Library and the Township of Middletown announced a partnership for the first-ever ""Youth Homelessness in Middletown Township"" program which launches on October 22, 2018.
Middletown Township Library Program Launches with Free Workshops for Women of Color
At its recent kickoff, the program titled ""Be You: Women of Color, Our Lives Matter"" held in Middletown Township Public Library's Community Room from noon to 1:15 p.m., the",150,34.31,255.87355937808752,False,0.8770243485591871,8.0748872756958,False,False,88,"MIDDLETOWN, NJ - The Middletown Township Publ...",150,34.31,8.07,0.877,0.0,0.0
ATPases belong to the class of acid anhydride hydrolases. The most common ATPases (24 proteins) contain the classical monon,"ucleotide-binding motif (MNP), which consists of one or several positively charged N-terminal nucleotide-binding sites (NNSs) as well as a central, negatively charged, catalytically critical residue (see below).
The ATPase in the mitochondrion catalyzes an exergonic reaction: NTP is phosphorylated into the nucleoside ADP, and energy is released to the surrounding environment.
The ATPase in the plasma membrane catalyzes an endergonic reaction: ADP is phosphorylated into the nucleoside ATP, and energy is imported into the cell.
The ATPase in the chloroplast catalyzes an endergonic reaction: ADP is phosphorylated into",150,34.18,179.61134186014533,False,0.8770243485591871,4.466231346130371,False,False,89,ATPases belong to the class of acid anhydride...,150,34.18,4.47,0.877,0.0,0.0
Our Palladium Tank Plating Kit – 1 Litre is a great option for re-plating white gold jewellery. The price of the kit," is extremely competitive for its size. The kit comes with everything you need to undertake a re-plating job at home, so there are no unnecessary trips to the jeweller.
The kit is delivered to your door and all the tools required to undertake the job are included. The kit is suitable for re-plating white gold jewellery, and also for use on precious metals such as gold, platinum and silver.
The Palladium Tank Plating Kit – 1 Litre comes with three nozzles, three dip rings, a tank and a power supply. These are all provided in a large box, and the package contains a quick start guide. To begin the job, connect the kit to an electric supply (such as a power",150,34.04,228.1863938467577,False,0.9002570017082938,9.947056770324707,False,False,90,Our Palladium Tank Plating Kit – 1 Litre is a...,150,34.04,9.95,0.9003,0.0,0.0
Star Wars fans were introduced to Chris Pirillo when he hilariously debuted the Hasbro Millennium Falcon on Lucasfilm’s “Force Friday�," show on Disney Channel.
The “Star Wars: The Clone Wars” episode that aired in 2006 features a scene in which the Millennium Falcon takes off from the planet Bespin.
Pirillo and fellow Hasbro toy expert Rob Laughlin showed young fans how to launch the plastic spacecraft, revealing how to fire the X2 laser and deploy its rockets in a matter of seconds.
A few years ago, Hasbro came out with a three-dimensional version of the Millennium Falcon, called “Starship Excavator.” It also made the toy available online for about $100.
Pirillo said he still uses the toy every week in his job.
“It gives you a whole new perspective on space",150,34.05,287.62493137829006,False,0.932582109890862,10.901849746704102,False,False,91,Star Wars fans were introduced to Chris Piril...,150,34.05,10.9,0.9326,0.0,0.0
"Here at Bathroom Make Over Authority, we'll be ready to satisfy your needs regarding Bathroom Makeovers in Iowa Park, TX. You'll need"," to have access to our website to browse the products we provide or give us a call to set up a time to tour our showroom. If you have any questions about Bathroom Makeovers in Iowa Park, TX or want to set up a free estimate, please give us a call or fill out our online form. We can't wait to hear from you!
This entry was posted in Iowa Park, TX and tagged Bathroom Makeover in Iowa Park Texas, bathroom remodel in Iowa Park, Iowa Park, IA, remodel bathroom in Iowa Park. Bookmark the permalink.",120,27.89,126.74487145990133,False,0.8798041367735047,4.791228771209717,False,False,92,"Here at Bathroom Make Over Authority, we'll b...",120,27.89,4.79,0.8798,0.0,0.0
"Win Your Next Account Director Role in the United Kingdom - Upgrade your CV today!
Are You Looking for a New Job as an Account Director?
","Our recruitment consultants are always happy to discuss career prospects. Call us today on 0161 833 5838 for an informal chat.
You can email us at enquiries@theswanagency.com
Are you an Account Director?
If you are looking for a career in account management or would like to find out more about what we do then please fill out our short enquiry form and our team will contact you to discuss how we may be able to help.",96,23.01,154.70810201391578,False,0.9480906524943085,6.588357448577881,False,False,93,Win Your Next Account Director Role in the Un...,96,23.01,6.59,0.9481,0.0,0.0
Cheapest Reseller Hosting in Myanmar from Hostdata is an Ideal way to begin your own Web Hosting Brand almost inside 24 Hours. With 24,"/7/365 customer support and fast setup and deployment of your Website/Website, you can now start working towards building your new Internet Service business on its own.",34,10.53,80.93344470858574,False,0.9630454877592735,75.01195526123047,False,False,94,Cheapest Reseller Hosting in Myanmar from Hos...,34,10.53,75.01,0.963,0.0,0.0
which relied too heavily on clichés and juvenile humor as characters had to explain everything instead of showing it (always a kiss of death for children’,"s books), is often overlooked these days.
It may be a good time to review this book. It’s a simple concept but it holds some pretty powerful lessons.
If you want to see how my son, Matt, related to the story, go here and here.",59,15.35,128.7324532829225,False,0.9482087525203166,15.295214653015137,False,False,95,which relied too heavily on clichés and juven...,59,15.35,15.3,0.9482,0.0,0.0
"There is a lot of discussion right now about stress reduction. Today we see an increased work load of mental health professionals, increased occurrences of abuse or violence"," in the home, more stress about finances, less access to affordable healthcare, etc. What is your view of stress and stress reduction in today's society?
Stress and stress management are a significant part of what I do. Most of my work with adults comes from stress. As the number of people with mental health challenges has increased over the past 20-30 years, I believe that we have seen an increase in stress-related illness in addition to mental illness. When there are increasing physical health challenges and mental health issues, my work has expanded to include medical as well as psychological issues.
With regard to stress reduction in society, I believe that we have to address all of the factors that contribute to stress in our lives, and that means",150,34.15,258.87590519338846,False,0.8935666939786251,7.908944606781006,False,False,96,There is a lot of discussion right now about ...,150,34.15,7.91,0.8936,0.0,0.0
"this document is designed to provide an inexperienced user with an introduction to the use of strain gauges within experimental stress analysis.
... for your measurements new"," information or experiences. For the most up-to-date information and methods for strain measurement, read the latest edition of the ASTM International standard, Standard Specification for Testing and Characterizing Strain Gauges (A-100). For additional information about strain gauges see other resources from ASTM International. This document is designed to provide an experienced user with guidance on selecting strain gauges...
... to a measurement of strain that does not accurately reflect the actual deformation.
A gauge strain is a relative measurement obtained from the change in resistance as a result of a relative deformation.
A gauge strain is a relative measurement obtained from the change in resistance as a result of a relative deformation. It is obtained by subtracting the baseline",150,33.99,242.31524031143636,False,0.8818922847973121,8.041019439697266,False,False,97,this document is designed to provide an inexp...,150,33.99,8.04,0.8819,0.0,0.0
"Or change column headers from letters to numbers. Old school spreadsheets used numbers for rows and column headers, excel calls this old method R1C1"," or 1-1. In the spreadsheet program you use, the number you select in the column header is now its row, which means 1-1 is the first cell in row 1 and column 1.
You can use R1 to refer to the first cell in row 1, and so on.

A:

Your error is that you are assigning to R1 when you have put a string into the column and then the value is just a value. Not a column.
Example:
R1=""a""

a is a string now and a=""a"" works as intended. However when you write:
R1 = ""a""

you are assigning to R1 the value ""a"", so",150,34.1,276.3844112716615,False,0.8331053898123614,9.217416763305664,False,False,98,Or change column headers from letters to numb...,150,34.1,9.22,0.8331,0.0,0.0
"Yet another fix for <tags>.
Added <examples> tag (thanks to Jim for the tip).
spiffy-request-v","1.0

""""""
import argparse
import base64
import json
import sys
import time

from requests.exceptions import RequestException
from requests.packages.urllib3.exceptions import NewConnectionError, ReadTimeoutError

try:
    from urllib import urlencode
    from urlparse import parse_qsl, urlsplit, urlunsplit, parse_qsl
except ImportError:
    from urllib.parse import urlencode, urlparse, urlunsplit, parse_qsl


class BaseException(Exception):
    """"""A parent class for all exceptions raised by the script.""""""
    pass

",150,34.11,96.15675638616085,False,0.8361524030621138,2.1723310947418213,False,False,99,"Yet another fix for <tags>.
Added <examples> ...",150,34.11,2.17,0.8362,0.0,0.0
"If you only focus on the graphics design of your web site and nothing else, you may have a beautiful web site that is hard to be found.","
If you only focus on the advertising campaign of your web site and nothing else, your web site may be hard to be seen.
If you only focus on what your competitors are doing and nothing else, you may miss out on what your prospects are really looking for.
When it comes to search engine optimization, a good strategy for optimizing your website is to create high quality, informative content and to promote that content. This will help to make your website more visible to search engines and will also help to drive traffic to your website.
A good strategy for optimizing your website is to create high quality, informative content and to promote that content.

John: Hey Mike, have you heard about search engine optimization?
Mike: Yeah,",150,33.97,145.2260212386027,False,0.8562705504037769,4.26446008682251,False,False,100,If you only focus on the graphics design of y...,150,33.97,4.26,0.8563,0.0,0.0
