Scheme,RunLabel,Parameter,Prompt,No Watermarked Response,Watermarked Response,PPL (No Watermarked),PPL (Watermarked),Log Div (No Watermarked),Log Div (Watermarked)
PRC,prc_c4_s5_t150_n512,n=512;g=32;t=1;r=500;eta=0.005;zeta=0.045,"The woman who died after falling from a bridge over the A21 has been identified as a Sevenoaks mum.
Marta Kendle, 37",", lost her battle with injuries on the M2A5 Bridge at Longbridge on July 24 after the car she was in fell off a height of around eight metres.
She was a mother of two, as well as a nurse, and lived in the village of Selsdon with her children, William, 12, and Ava, 5.
She was travelling to work when the accident happened and she died at Kent and Medway NHS Trust hospital in Swanscombe on Thursday, a spokesman said.
Fellow nurse and friend, who wished to remain anonymous, said: ""It's a tragic thing that has happened. She was such a lovely, kind, generous soul who would go out of her way to help people.
",", was employed at e-commerce company Shop Direct and was based in Oxted before she took up her job in Canterbury.
Her husband Christian, 33, also from Sevenoaks, last night said his wife was an amazing mother and would be missed.
""The world has lost Marta, her heart and smile are forever in our hearts and we wish the family and friends of Marta the very best during this difficult time,"" he said.
She left home in October 2017 and a broken heart for her son Darren was reported in December 2018. She was off work for several weeks and was struggling with her mental health before she made the fatal fall.
As more evidence is compiled, details of how she died are likely to emerge",9.31,13.72,0.913,0.934
PRC,prc_c4_s5_t150_n512,n=512;g=32;t=1;r=500;eta=0.005;zeta=0.045,"messaging system designed as a plugin-based system.
Doubtless the kopete people would disagree with me here, but I'd say"," they're on pretty solid ground.
It all comes down to a combination of good marketing and good development:
Good marketing, because, really, there's just one kind of ""software"" that's ever sold — software that provides benefits, which means it needs to be marketed as benefits, not features.
Great development.
Posted in Software
Tagged with marketing, OpenMRS
Posted on 24 October, 2011 by Peter
I've been invited to join the steering committee for this new blog by the person in charge of OpenMRS — Jim Kim, the MD.
We'll probably meet online and then, if we're all still on board, we'll eventually meet at the ODI to discuss things.
It sounds"," these platforms have the power to make a company leap from a product to a service. A single product can often be replicated, but a successful service requires a constant, personalized relationship with the consumer. A closed platform allows companies to have that relationship with a central, single source – a much easier way to innovate than the days of pen and paper notes. In the same way that mobile has disrupted the music and film industries, companies like Uber are using blockchain to disrupt traditional business models. Rather than work with a centralized agency or negotiate with individual suppliers, customers and workers are looking to create a fluid, decentralized relationship between buyer, seller and worker.
The blockchain and IoT are at opposite ends of the technological evolution spectrum, yet the idea of the 'digital",12.77,16.94,0.915,0.911
PRC,prc_c4_s5_t150_n512,n=512;g=32;t=1;r=500;eta=0.005;zeta=0.045,"CHARLES H. MEISNER, one of the prosperous and highly-esteemed business men of Birnamwood, Shawano county, was born"," here, on the twenty-ninth day of January, 1833. He lived here until he was five years old, when he was moved to Oshkosh, and was educated there until the age of fifteen. He was then removed to Milwaukee, and was educated there for two years, at a school in the village of Menomonee Falls, and two years at a private school in Waukesha. In October 1847, he was sent to New York City, to study bookkeeping in the office of a respected member of the mercantile firm of H. E. and W. A. Leffingwell. He remained in New York for about a year and a half, while finishing his course, and then"," in Lorain, Ohio, September 19, 1847, the son of the late Josiah T. Meisner and his wife Lucretia (Alberts) Meisner. He was educated in the public and private schools of his native city. He began work with his father, who was in charge of a dry goods store there. In 1869 he moved to Louisville, Ky., where he worked on the street until he was employed in 1872 by the Louisville and Portland Railroad, where he remained until 1876. In 1875, he became superintendent of the Black River bridge which was located at Lorain, Ohio. His subsequent journey lead him to Fond du Lac, Wis., where he took over management of a large grocery business",5.68,8.3,0.887,0.907
PRC,prc_c4_s5_t150_n512,n=512;g=32;t=1;r=500;eta=0.005;zeta=0.045,"EVER WONDER WHY SOME PEOPLE CAN WORK NIGHTS AND SLEEP EASILY DURING THE DAY?
A new study from"," the University of Massachusetts Medical School (UMMS), published in the journal Current Biology, reveals that a molecule known as the protein arginine vasopressin (AVP), also known as the ""bedtime"" hormone, can suppress sleep and promote wakefulness. Scientists previously believed that it was the opposite: that AVP was primarily a wake-promoting hormone.
""We discovered that AVP acts on neurons in the brain to suppress sleep,"" said lead author Paul Kelley, PhD, senior lecturer at UMMS. ""AVP and its receptor are concentrated in a brain region that is responsible for sleep, and when it was activated, sleep was suppressed.""
The researchers found that in the brain, AVP and its receptors are primarily"," Northwestern University has finally found that a chemical secreted by the human brain during sleep is key to helping the body wake up fully. The chemical, which is also known as orexin, was found to be higher in people who slept through the night. Orexin levels were also linked to the body's internal biological clock, suggesting that it regulates both sleep and wakefulness, according to the study, which was published in the journal Cell Metabolism.
People with narcolepsy, a condition that causes them to suddenly sleep uncontrollably at any given moment, tend to have lower levels of orexin in their bodies. But researchers found that narcolepsy patients who also had mild sleep disturbances exhibited significantly higher levels of orex",5.25,5.24,0.905,0.911
PRC,prc_c4_s5_t150_n512,n=512;g=32;t=1;r=500;eta=0.005;zeta=0.045,"Conduct effective product control and valuation control of treasury products and derivatives in banking book.
Duties include daily P&L reporting and analysis, balance"," sheet analysis, and treasury operations management. In addition, they review and approve treasury transactions and are responsible for maintaining treasury and bank relationship.
Treasury managers are also responsible for ensuring that proper cash flow management procedures are in place. They work with customers to ensure that funds are available when needed.
Treasury managers need a bachelor's degree and must meet regulatory and compliance standards.
Financial advisors help individuals and corporations manage their money, including investments, insurance, mortgages and other financial products. Their advice is intended to increase the financial well-being of their clients.
Financial advisors must be able to understand and explain financial products to clients. They also must have excellent communication skills so that they can effectively explain how to use financial products to meet their clients"," sheet & risk reporting, Treasury ROA calculations and risk management.
Duties include managing projects, information systems support for the core treasury unit, providing insights into operations, responsible for client service/remediation and for human resources.
Cryptocurrencies are the hot topic in finance, but they do bring problems for treasury. Here's a look at the benefits and challenges of distributed ledgers.
Ted Smith: Some said long ago, when the initial bitcoin exchange was launched, that ultimately a bank that created bitcoin would come along and take control of the entire industry.
What happened? Well, he said, banks did manage to get into the bitcoin game, but they've divested their positions.
Others said we would all just hand",6.28,22.27,0.902,0.934
PRC,prc_c4_s5_t150_n512,n=512;g=32;t=1;r=500;eta=0.005;zeta=0.045,--- DELTAS ---,,,Delta PPL: 5.437,,Delta Div: 0.015,
